region	sample	coverage
ID=ATXN7;MOTIFS=GCA,GCC;STRUC=<ATXN7>	Control1_PacBio_hifi.aligned.bam	1538
ID=CNBP;MOTIFS=CAGG,CAGA,CA;STRUC=<CNBP>	Control1_PacBio_hifi.aligned.bam	1585
ID=HTT;MOTIFS=CAG,CAA,CCG,CCA;STRUC=<HTT>	Control1_PacBio_hifi.aligned.bam	1094
ID=RFC1;MOTIFS=AAAAG,AAAGG,AAGGG,AAGAG,AGAGG,AACGG,GGGAC,AAAGGG;STRUC=<RFC1>	Control1_PacBio_hifi.aligned.bam	1403
ID=PPP2R2B;MOTIFS=GCT;STRUC=<PPP2R2B>	Control1_PacBio_hifi.aligned.bam	1575
ID=ATXN1;MOTIFS=CTG,CTA;STRUC=<ATXN1>	Control1_PacBio_hifi.aligned.bam	1316
ID=TBP;MOTIFS=GCA;STRUC=<TBP>	Control1_PacBio_hifi.aligned.bam	1237
ID=C9ORF72;MOTIFS=GGCCCC;STRUC=<C9ORF72>	Control1_PacBio_hifi.aligned.bam	1701
ID=FXN;MOTIFS=A,GAA;STRUC=<FXN>	Control1_PacBio_hifi.aligned.bam	1136
ID=ATN1;MOTIFS=CAG;STRUC=<ATN1>	Control1_PacBio_hifi.aligned.bam	1177
ID=ATXN2;MOTIFS=GCT;STRUC=<ATXN2>	Control1_PacBio_hifi.aligned.bam	1387
ID=ATXN8;MOTIFS=CTA,CTG;STRUC=<ATXN8>	Control1_PacBio_hifi.aligned.bam	1515
ID=PABPN1;MOTIFS=GCG;STRUC=<PABPN1>	Control1_PacBio_hifi.aligned.bam	1533
ID=ATXN3;MOTIFS=GCT;STRUC=<ATXN3>	Control1_PacBio_hifi.aligned.bam	1453
ID=TCF4;MOTIFS=CAG,GAG;STRUC=<TCF4>	Control1_PacBio_hifi.aligned.bam	1506
ID=CACNA1A;MOTIFS=CTG;STRUC=<CACNA1A>	Control1_PacBio_hifi.aligned.bam	1356
ID=DMPK;MOTIFS=CAG;STRUC=<DMPK>	Control1_PacBio_hifi.aligned.bam	1650
ID=ATXN10;MOTIFS=ATTCT;STRUC=<ATXN10>	Control1_PacBio_hifi.aligned.bam	1508
ID=AR;MOTIFS=GCA;STRUC=<AR>	Control1_PacBio_hifi.aligned.bam	857
ID=FMR1;MOTIFS=CGG,AGG;STRUC=<FMR1>	Control1_PacBio_hifi.aligned.bam	859
ID=ATXN7;MOTIFS=GCA,GCC;STRUC=<ATXN7>	Control2_PacBio_hifi.aligned.bam	1503
ID=CNBP;MOTIFS=CAGG,CAGA,CA;STRUC=<CNBP>	Control2_PacBio_hifi.aligned.bam	1527
ID=HTT;MOTIFS=CAG,CAA,CCG,CCA;STRUC=<HTT>	Control2_PacBio_hifi.aligned.bam	989
ID=RFC1;MOTIFS=AAAAG,AAAGG,AAGGG,AAGAG,AGAGG,AACGG,GGGAC,AAAGGG;STRUC=<RFC1>	Control2_PacBio_hifi.aligned.bam	1345
ID=PPP2R2B;MOTIFS=GCT;STRUC=<PPP2R2B>	Control2_PacBio_hifi.aligned.bam	1498
ID=ATXN1;MOTIFS=CTG,CTA;STRUC=<ATXN1>	Control2_PacBio_hifi.aligned.bam	1238
ID=TBP;MOTIFS=GCA;STRUC=<TBP>	Control2_PacBio_hifi.aligned.bam	1181
ID=C9ORF72;MOTIFS=GGCCCC;STRUC=<C9ORF72>	Control2_PacBio_hifi.aligned.bam	1594
ID=FXN;MOTIFS=A,GAA;STRUC=<FXN>	Control2_PacBio_hifi.aligned.bam	1073
ID=ATN1;MOTIFS=CAG;STRUC=<ATN1>	Control2_PacBio_hifi.aligned.bam	1208
ID=ATXN2;MOTIFS=GCT;STRUC=<ATXN2>	Control2_PacBio_hifi.aligned.bam	1376.33
ID=ATXN8;MOTIFS=CTA,CTG;STRUC=<ATXN8>	Control2_PacBio_hifi.aligned.bam	1447.45
ID=PABPN1;MOTIFS=GCG;STRUC=<PABPN1>	Control2_PacBio_hifi.aligned.bam	1453
ID=ATXN3;MOTIFS=GCT;STRUC=<ATXN3>	Control2_PacBio_hifi.aligned.bam	1389
ID=TCF4;MOTIFS=CAG,GAG;STRUC=<TCF4>	Control2_PacBio_hifi.aligned.bam	1493
ID=CACNA1A;MOTIFS=CTG;STRUC=<CACNA1A>	Control2_PacBio_hifi.aligned.bam	1292
ID=DMPK;MOTIFS=CAG;STRUC=<DMPK>	Control2_PacBio_hifi.aligned.bam	1547
ID=ATXN10;MOTIFS=ATTCT;STRUC=<ATXN10>	Control2_PacBio_hifi.aligned.bam	1417
ID=AR;MOTIFS=GCA;STRUC=<AR>	Control2_PacBio_hifi.aligned.bam	803.029
ID=FMR1;MOTIFS=CGG,AGG;STRUC=<FMR1>	Control2_PacBio_hifi.aligned.bam	884
ID=ATXN7;MOTIFS=GCA,GCC;STRUC=<ATXN7>	Control3_PacBio_hifi.aligned.bam	1663
ID=CNBP;MOTIFS=CAGG,CAGA,CA;STRUC=<CNBP>	Control3_PacBio_hifi.aligned.bam	1694
ID=HTT;MOTIFS=CAG,CAA,CCG,CCA;STRUC=<HTT>	Control3_PacBio_hifi.aligned.bam	1178
ID=RFC1;MOTIFS=AAAAG,AAAGG,AAGGG,AAGAG,AGAGG,AACGG,GGGAC,AAAGGG;STRUC=<RFC1>	Control3_PacBio_hifi.aligned.bam	1519
ID=PPP2R2B;MOTIFS=GCT;STRUC=<PPP2R2B>	Control3_PacBio_hifi.aligned.bam	1601
ID=ATXN1;MOTIFS=CTG,CTA;STRUC=<ATXN1>	Control3_PacBio_hifi.aligned.bam	1384
ID=TBP;MOTIFS=GCA;STRUC=<TBP>	Control3_PacBio_hifi.aligned.bam	1353.41
ID=C9ORF72;MOTIFS=GGCCCC;STRUC=<C9ORF72>	Control3_PacBio_hifi.aligned.bam	1816
ID=FXN;MOTIFS=A,GAA;STRUC=<FXN>	Control3_PacBio_hifi.aligned.bam	1277
ID=ATN1;MOTIFS=CAG;STRUC=<ATN1>	Control3_PacBio_hifi.aligned.bam	1193
ID=ATXN2;MOTIFS=GCT;STRUC=<ATXN2>	Control3_PacBio_hifi.aligned.bam	1571
ID=ATXN8;MOTIFS=CTA,CTG;STRUC=<ATXN8>	Control3_PacBio_hifi.aligned.bam	1591
ID=PABPN1;MOTIFS=GCG;STRUC=<PABPN1>	Control3_PacBio_hifi.aligned.bam	1609
ID=ATXN3;MOTIFS=GCT;STRUC=<ATXN3>	Control3_PacBio_hifi.aligned.bam	1534
ID=TCF4;MOTIFS=CAG,GAG;STRUC=<TCF4>	Control3_PacBio_hifi.aligned.bam	1579
ID=CACNA1A;MOTIFS=CTG;STRUC=<CACNA1A>	Control3_PacBio_hifi.aligned.bam	1382
ID=DMPK;MOTIFS=CAG;STRUC=<DMPK>	Control3_PacBio_hifi.aligned.bam	1687
ID=ATXN10;MOTIFS=ATTCT;STRUC=<ATXN10>	Control3_PacBio_hifi.aligned.bam	1578
ID=AR;MOTIFS=GCA;STRUC=<AR>	Control3_PacBio_hifi.aligned.bam	866
ID=FMR1;MOTIFS=CGG,AGG;STRUC=<FMR1>	Control3_PacBio_hifi.aligned.bam	969
ID=ATXN7;MOTIFS=GCA,GCC;STRUC=<ATXN7>	Control_opgezuiverd_PacBio_hifi.aligned.bam	1608
ID=CNBP;MOTIFS=CAGG,CAGA,CA;STRUC=<CNBP>	Control_opgezuiverd_PacBio_hifi.aligned.bam	1680
ID=HTT;MOTIFS=CAG,CAA,CCG,CCA;STRUC=<HTT>	Control_opgezuiverd_PacBio_hifi.aligned.bam	1203
ID=RFC1;MOTIFS=AAAAG,AAAGG,AAGGG,AAGAG,AGAGG,AACGG,GGGAC,AAAGGG;STRUC=<RFC1>	Control_opgezuiverd_PacBio_hifi.aligned.bam	1457
ID=PPP2R2B;MOTIFS=GCT;STRUC=<PPP2R2B>	Control_opgezuiverd_PacBio_hifi.aligned.bam	1625.23
ID=ATXN1;MOTIFS=CTG,CTA;STRUC=<ATXN1>	Control_opgezuiverd_PacBio_hifi.aligned.bam	1448
ID=TBP;MOTIFS=GCA;STRUC=<TBP>	Control_opgezuiverd_PacBio_hifi.aligned.bam	1250
ID=C9ORF72;MOTIFS=GGCCCC;STRUC=<C9ORF72>	Control_opgezuiverd_PacBio_hifi.aligned.bam	1822
ID=FXN;MOTIFS=A,GAA;STRUC=<FXN>	Control_opgezuiverd_PacBio_hifi.aligned.bam	1153
ID=ATN1;MOTIFS=CAG;STRUC=<ATN1>	Control_opgezuiverd_PacBio_hifi.aligned.bam	1328
ID=ATXN2;MOTIFS=GCT;STRUC=<ATXN2>	Control_opgezuiverd_PacBio_hifi.aligned.bam	1582
ID=ATXN8;MOTIFS=CTA,CTG;STRUC=<ATXN8>	Control_opgezuiverd_PacBio_hifi.aligned.bam	1701.01
ID=PABPN1;MOTIFS=GCG;STRUC=<PABPN1>	Control_opgezuiverd_PacBio_hifi.aligned.bam	1622
ID=ATXN3;MOTIFS=GCT;STRUC=<ATXN3>	Control_opgezuiverd_PacBio_hifi.aligned.bam	1466.97
ID=TCF4;MOTIFS=CAG,GAG;STRUC=<TCF4>	Control_opgezuiverd_PacBio_hifi.aligned.bam	1496
ID=CACNA1A;MOTIFS=CTG;STRUC=<CACNA1A>	Control_opgezuiverd_PacBio_hifi.aligned.bam	1490
ID=DMPK;MOTIFS=CAG;STRUC=<DMPK>	Control_opgezuiverd_PacBio_hifi.aligned.bam	1803
ID=ATXN10;MOTIFS=ATTCT;STRUC=<ATXN10>	Control_opgezuiverd_PacBio_hifi.aligned.bam	1650
ID=AR;MOTIFS=GCA;STRUC=<AR>	Control_opgezuiverd_PacBio_hifi.aligned.bam	895
ID=FMR1;MOTIFS=CGG,AGG;STRUC=<FMR1>	Control_opgezuiverd_PacBio_hifi.aligned.bam	935
ID=ATXN7;MOTIFS=GCA,GCC;STRUC=<ATXN7>	Dhm2500033_hifi.aligned.bam	1354.1
ID=CNBP;MOTIFS=CAGG,CAGA,CA;STRUC=<CNBP>	Dhm2500033_hifi.aligned.bam	1710
ID=HTT;MOTIFS=CAG,CAA,CCG,CCA;STRUC=<HTT>	Dhm2500033_hifi.aligned.bam	1158
ID=RFC1;MOTIFS=AAAAG,AAAGG,AAGGG,AAGAG,AGAGG,AACGG,GGGAC,AAAGGG;STRUC=<RFC1>	Dhm2500033_hifi.aligned.bam	1203
ID=PPP2R2B;MOTIFS=GCT;STRUC=<PPP2R2B>	Dhm2500033_hifi.aligned.bam	1486
ID=ATXN1;MOTIFS=CTG,CTA;STRUC=<ATXN1>	Dhm2500033_hifi.aligned.bam	1270
ID=TBP;MOTIFS=GCA;STRUC=<TBP>	Dhm2500033_hifi.aligned.bam	1004.64
ID=C9ORF72;MOTIFS=GGCCCC;STRUC=<C9ORF72>	Dhm2500033_hifi.aligned.bam	1481
ID=FXN;MOTIFS=A,GAA;STRUC=<FXN>	Dhm2500033_hifi.aligned.bam	969
ID=ATN1;MOTIFS=CAG;STRUC=<ATN1>	Dhm2500033_hifi.aligned.bam	1120
ID=ATXN2;MOTIFS=GCT;STRUC=<ATXN2>	Dhm2500033_hifi.aligned.bam	1371
ID=ATXN8;MOTIFS=CTA,CTG;STRUC=<ATXN8>	Dhm2500033_hifi.aligned.bam	1453
ID=PABPN1;MOTIFS=GCG;STRUC=<PABPN1>	Dhm2500033_hifi.aligned.bam	1382
ID=ATXN3;MOTIFS=GCT;STRUC=<ATXN3>	Dhm2500033_hifi.aligned.bam	1385
ID=TCF4;MOTIFS=CAG,GAG;STRUC=<TCF4>	Dhm2500033_hifi.aligned.bam	1319
ID=CACNA1A;MOTIFS=CTG;STRUC=<CACNA1A>	Dhm2500033_hifi.aligned.bam	1217
ID=DMPK;MOTIFS=CAG;STRUC=<DMPK>	Dhm2500033_hifi.aligned.bam	1547
ID=ATXN10;MOTIFS=ATTCT;STRUC=<ATXN10>	Dhm2500033_hifi.aligned.bam	1487
ID=AR;MOTIFS=GCA;STRUC=<AR>	Dhm2500033_hifi.aligned.bam	1536.35
ID=FMR1;MOTIFS=CGG,AGG;STRUC=<FMR1>	Dhm2500033_hifi.aligned.bam	1689
ID=ATXN7;MOTIFS=GCA,GCC;STRUC=<ATXN7>	Dhm2500033_opgezuiverd_hifi.aligned.bam	1703
ID=CNBP;MOTIFS=CAGG,CAGA,CA;STRUC=<CNBP>	Dhm2500033_opgezuiverd_hifi.aligned.bam	1961
ID=HTT;MOTIFS=CAG,CAA,CCG,CCA;STRUC=<HTT>	Dhm2500033_opgezuiverd_hifi.aligned.bam	1353.56
ID=RFC1;MOTIFS=AAAAG,AAAGG,AAGGG,AAGAG,AGAGG,AACGG,GGGAC,AAAGGG;STRUC=<RFC1>	Dhm2500033_opgezuiverd_hifi.aligned.bam	1395
ID=PPP2R2B;MOTIFS=GCT;STRUC=<PPP2R2B>	Dhm2500033_opgezuiverd_hifi.aligned.bam	1734
ID=ATXN1;MOTIFS=CTG,CTA;STRUC=<ATXN1>	Dhm2500033_opgezuiverd_hifi.aligned.bam	1462
ID=TBP;MOTIFS=GCA;STRUC=<TBP>	Dhm2500033_opgezuiverd_hifi.aligned.bam	1172.01
ID=C9ORF72;MOTIFS=GGCCCC;STRUC=<C9ORF72>	Dhm2500033_opgezuiverd_hifi.aligned.bam	1790
ID=FXN;MOTIFS=A,GAA;STRUC=<FXN>	Dhm2500033_opgezuiverd_hifi.aligned.bam	1180
ID=ATN1;MOTIFS=CAG;STRUC=<ATN1>	Dhm2500033_opgezuiverd_hifi.aligned.bam	1315
ID=ATXN2;MOTIFS=GCT;STRUC=<ATXN2>	Dhm2500033_opgezuiverd_hifi.aligned.bam	1663
ID=ATXN8;MOTIFS=CTA,CTG;STRUC=<ATXN8>	Dhm2500033_opgezuiverd_hifi.aligned.bam	1685
ID=PABPN1;MOTIFS=GCG;STRUC=<PABPN1>	Dhm2500033_opgezuiverd_hifi.aligned.bam	1667.11
ID=ATXN3;MOTIFS=GCT;STRUC=<ATXN3>	Dhm2500033_opgezuiverd_hifi.aligned.bam	1675
ID=TCF4;MOTIFS=CAG,GAG;STRUC=<TCF4>	Dhm2500033_opgezuiverd_hifi.aligned.bam	1559
ID=CACNA1A;MOTIFS=CTG;STRUC=<CACNA1A>	Dhm2500033_opgezuiverd_hifi.aligned.bam	1561
ID=DMPK;MOTIFS=CAG;STRUC=<DMPK>	Dhm2500033_opgezuiverd_hifi.aligned.bam	1994
ID=ATXN10;MOTIFS=ATTCT;STRUC=<ATXN10>	Dhm2500033_opgezuiverd_hifi.aligned.bam	1881
ID=AR;MOTIFS=GCA;STRUC=<AR>	Dhm2500033_opgezuiverd_hifi.aligned.bam	1831
ID=FMR1;MOTIFS=CGG,AGG;STRUC=<FMR1>	Dhm2500033_opgezuiverd_hifi.aligned.bam	1965.98
ID=ATXN7;MOTIFS=GCA,GCC;STRUC=<ATXN7>	DNA138690_hifi.aligned.bam	1422
ID=CNBP;MOTIFS=CAGG,CAGA,CA;STRUC=<CNBP>	DNA138690_hifi.aligned.bam	1477
ID=HTT;MOTIFS=CAG,CAA,CCG,CCA;STRUC=<HTT>	DNA138690_hifi.aligned.bam	511
ID=RFC1;MOTIFS=AAAAG,AAAGG,AAGGG,AAGAG,AGAGG,AACGG,GGGAC,AAAGGG;STRUC=<RFC1>	DNA138690_hifi.aligned.bam	1220
ID=PPP2R2B;MOTIFS=GCT;STRUC=<PPP2R2B>	DNA138690_hifi.aligned.bam	1468
ID=ATXN1;MOTIFS=CTG,CTA;STRUC=<ATXN1>	DNA138690_hifi.aligned.bam	1143
ID=TBP;MOTIFS=GCA;STRUC=<TBP>	DNA138690_hifi.aligned.bam	1027
ID=C9ORF72;MOTIFS=GGCCCC;STRUC=<C9ORF72>	DNA138690_hifi.aligned.bam	1500
ID=FXN;MOTIFS=A,GAA;STRUC=<FXN>	DNA138690_hifi.aligned.bam	1042
ID=ATN1;MOTIFS=CAG;STRUC=<ATN1>	DNA138690_hifi.aligned.bam	1224
ID=ATXN2;MOTIFS=GCT;STRUC=<ATXN2>	DNA138690_hifi.aligned.bam	2074
ID=ATXN8;MOTIFS=CTA,CTG;STRUC=<ATXN8>	DNA138690_hifi.aligned.bam	1292
ID=PABPN1;MOTIFS=GCG;STRUC=<PABPN1>	DNA138690_hifi.aligned.bam	1380
ID=ATXN3;MOTIFS=GCT;STRUC=<ATXN3>	DNA138690_hifi.aligned.bam	1237
ID=TCF4;MOTIFS=CAG,GAG;STRUC=<TCF4>	DNA138690_hifi.aligned.bam	1327.97
ID=CACNA1A;MOTIFS=CTG;STRUC=<CACNA1A>	DNA138690_hifi.aligned.bam	1296
ID=DMPK;MOTIFS=CAG;STRUC=<DMPK>	DNA138690_hifi.aligned.bam	1455
ID=ATXN10;MOTIFS=ATTCT;STRUC=<ATXN10>	DNA138690_hifi.aligned.bam	1326
ID=AR;MOTIFS=GCA;STRUC=<AR>	DNA138690_hifi.aligned.bam	587
ID=FMR1;MOTIFS=CGG,AGG;STRUC=<FMR1>	DNA138690_hifi.aligned.bam	648
ID=ATXN7;MOTIFS=GCA,GCC;STRUC=<ATXN7>	DNA138690_opgezuiverd_hifi.aligned.bam	619
ID=CNBP;MOTIFS=CAGG,CAGA,CA;STRUC=<CNBP>	DNA138690_opgezuiverd_hifi.aligned.bam	728
ID=HTT;MOTIFS=CAG,CAA,CCG,CCA;STRUC=<HTT>	DNA138690_opgezuiverd_hifi.aligned.bam	256
ID=RFC1;MOTIFS=AAAAG,AAAGG,AAGGG,AAGAG,AGAGG,AACGG,GGGAC,AAAGGG;STRUC=<RFC1>	DNA138690_opgezuiverd_hifi.aligned.bam	623
ID=PPP2R2B;MOTIFS=GCT;STRUC=<PPP2R2B>	DNA138690_opgezuiverd_hifi.aligned.bam	731
ID=ATXN1;MOTIFS=CTG,CTA;STRUC=<ATXN1>	DNA138690_opgezuiverd_hifi.aligned.bam	566
ID=TBP;MOTIFS=GCA;STRUC=<TBP>	DNA138690_opgezuiverd_hifi.aligned.bam	413
ID=C9ORF72;MOTIFS=GGCCCC;STRUC=<C9ORF72>	DNA138690_opgezuiverd_hifi.aligned.bam	639
ID=FXN;MOTIFS=A,GAA;STRUC=<FXN>	DNA138690_opgezuiverd_hifi.aligned.bam	468
ID=ATN1;MOTIFS=CAG;STRUC=<ATN1>	DNA138690_opgezuiverd_hifi.aligned.bam	634
ID=ATXN2;MOTIFS=GCT;STRUC=<ATXN2>	DNA138690_opgezuiverd_hifi.aligned.bam	971
ID=ATXN8;MOTIFS=CTA,CTG;STRUC=<ATXN8>	DNA138690_opgezuiverd_hifi.aligned.bam	647
ID=PABPN1;MOTIFS=GCG;STRUC=<PABPN1>	DNA138690_opgezuiverd_hifi.aligned.bam	619
ID=ATXN3;MOTIFS=GCT;STRUC=<ATXN3>	DNA138690_opgezuiverd_hifi.aligned.bam	615
ID=TCF4;MOTIFS=CAG,GAG;STRUC=<TCF4>	DNA138690_opgezuiverd_hifi.aligned.bam	501
ID=CACNA1A;MOTIFS=CTG;STRUC=<CACNA1A>	DNA138690_opgezuiverd_hifi.aligned.bam	617
ID=DMPK;MOTIFS=CAG;STRUC=<DMPK>	DNA138690_opgezuiverd_hifi.aligned.bam	696
ID=ATXN10;MOTIFS=ATTCT;STRUC=<ATXN10>	DNA138690_opgezuiverd_hifi.aligned.bam	639
ID=AR;MOTIFS=GCA;STRUC=<AR>	DNA138690_opgezuiverd_hifi.aligned.bam	350
ID=FMR1;MOTIFS=CGG,AGG;STRUC=<FMR1>	DNA138690_opgezuiverd_hifi.aligned.bam	269
